{"cameraMode":{"drawMode":0,"name":"Shaded","section":"Shading Mode"},"sceneLighting":true,"audioPlay":false,"sceneViewState":{"showFog":true,"showMaterialUpdate":false,"showSkybox":true,"showFlares":true,"showImageEffects":true,"showParticleSystems":true},"in2DMode":false,"pivot":{"x":253.75491333007813,"y":981.724853515625,"z":-692.8695068359375},"rotation":{"x":-0.011296982876956463,"y":0.8719262480735779,"z":-0.020143745467066766,"w":-0.48909223079681399},"size":51.68057632446289,"orthographic":true}